"","service_date","time","route_id","route_name","trip_freq","trip_freq_adj","sub_route","trip_id","stop_id","departure_terminal","mbta_sched_departure","actual_departure","pax_on","pax_load","pax_off","mbta_sched_arrival","actual_arrival","arrival_terminal","vessel_time_slot","trip_endpoint","travel_direction","ObjectId","week"
"1","2021/01/08","05:00:00+00","F1","F1-Hingham","M-F","Covid","F1-Hingham-Boston","18:40-F1-HNG-RWF","18:40-F1-HNG-RWF","Hingham","2021/01/08 23:40:00+00","2021-01-08 18:41:00",4,4,-4,"2021/01/09 00:15:00+00","2021-01-08 19:14:00","Rowes Wharf","Vessel C","Trip Endpoint","To Boston",91145,"Friday"
"2","2021/06/10","04:00:00+00","F1","F1-Hingham","M-F","Covid","F1-Hingham-Boston","18:10-F1-HNG-RWF","18:10-F1-HNG-RWF","Hingham","2021/06/10 22:10:00+00","2021-06-10 18:10:00",4,4,-4,"2021/06/10 22:45:00+00","2021-06-10 18:41:00","Rowes Wharf","Vessel A","Trip Endpoint","To Boston",91263,"Thursday"
"3","2021/06/11","04:00:00+00","F1","F1-Hingham","M-F","Covid","F1-Boston-Hingham","07:15-F1-RWF-HNG","07:15-F1-RWF-HNG","Rowes Wharf","2021/06/11 11:15:00+00","2021-06-11 07:15:00",0,0,0,"2021/06/11 11:55:00+00","2021-06-11 07:49:00","Hingham","Vessel B","Trip Endpoint","From Boston",91516,"Friday"
"4","2021/07/05","04:00:00+00","F1","F1-Hingham","M-F","Covid","F1-Boston-Hingham","13:30-F1-RWF-HNG","13:30-F1-RWF-HNG","Rowes Wharf","2021/07/05 17:30:00+00","2021-07-05 13:30:00",2,2,-2,"2021/07/05 18:10:00+00","2021-07-05 14:10:00","Hingham","Vessel D","Trip Endpoint","From Boston",91855,"Monday"
"5","2021/07/08","04:00:00+00","F1","F1-Hingham","M-F","Covid","F1-Hingham-Boston","08:45-F1-HNG-RWF","08:45-F1-HNG-RWF","Hingham","2021/07/08 12:45:00+00","2021-07-08 08:46:00",64,64,-64,"2021/07/08 13:20:00+00","2021-07-08 09:20:00","Rowes Wharf","Vessel C","Trip Endpoint","To Boston",92110,"Thursday"
"6","2021/08/02","04:00:00+00","F1","F1-Hingham","M-F","Covid","F1-Hingham-Boston","16:10-F1-HNG-RWF","16:10-F1-HNG-RWF","Hingham","2021/08/02 20:10:00+00","2021-08-02 16:10:00",18,18,-18,"2021/08/02 20:50:00+00","2021-08-02 16:50:00","Rowes Wharf","Vessel D","Trip Endpoint","To Boston",92618,"Monday"
"7","2021/08/05","04:00:00+00","F1","F1-Hingham","M-F","Covid","F1-Boston-Hingham","06:50-F1-RWF-HNG","06:50-F1-RWF-HNG","Rowes Wharf","2021/08/05 10:50:00+00","2021-08-05 06:50:00",0,0,0,"2021/08/05 11:30:00+00","2021-08-05 07:20:00","Hingham","Vessel A","Trip Endpoint","From Boston",92789,"Thursday"
"8","2021/09/09","04:00:00+00","F1","F1-Hingham","M-F","Covid","F1-Hingham-Boston","17:45-F1-HNG-RWF","17:45-F1-HNG-RWF","Hingham","2021/09/09 21:45:00+00","2021-09-09 17:45:00",5,5,-5,"2021/09/09 22:25:00+00","2021-09-09 18:20:00","Rowes Wharf","Vessel D","Trip Endpoint","To Boston",92964,"Thursday"
"9","2021/09/10","04:00:00+00","F1","F1-Hingham","M-F","Covid","F1-Hingham-Boston","06:00-F1-HNG-RWF","06:00-F1-HNG-RWF","Hingham","2021/09/10 10:00:00+00","2021-09-10 06:00:00",19,19,-19,"2021/09/10 10:35:00+00","2021-09-10 06:30:00","Rowes Wharf","Vessel A","Trip Endpoint","To Boston",92965,"Friday"
"10","2021/09/08","04:00:00+00","F1","F1-Hingham","M-F","Covid","F1-Boston-Hingham","17:20-F1-RWF-HNG","17:20-F1-RWF-HNG","Rowes Wharf","2021/09/08 21:20:00+00","2021-09-08 17:21:00",113,113,-113,"2021/09/08 21:55:00+00","2021-09-08 17:54:00","Hingham","Vessel A","Trip Endpoint","From Boston",93131,"Wednesday"
"11","2021/10/05","04:00:00+00","F1","F1-Hingham","M-F","Covid","F1-Boston-Hingham","19:00-F1-RWF-HNG","19:00-F1-RWF-HNG","Rowes Wharf","2021/10/05 23:00:00+00","2021-10-05 19:00:00",20,20,-20,"2021/10/05 23:35:00+00","2021-10-05 19:30:00","Hingham","Vessel A","Trip Endpoint","From Boston",93809,"Tuesday"
"12","2021/10/06","04:00:00+00","F1","F1-Hingham","M-F","Covid","F1-Boston-Hingham","08:00-F1-RWF-HNG","08:00-F1-RWF-HNG","Rowes Wharf","2021/10/06 12:00:00+00","2021-10-06 08:00:00",2,2,-2,"2021/10/06 12:35:00+00","2021-10-06 08:33:00","Hingham","Vessel C","Trip Endpoint","From Boston",93894,"Wednesday"
"13","2021/11/05","04:00:00+00","F1","F1-Hingham","M-F","Covid","F1-Boston-Hingham","19:30-F1-RWF-HNG","19:30-F1-RWF-HNG","Rowes Wharf","2021/11/05 23:30:00+00","2021-11-05 19:30:00",11,11,-11,"2021/11/06 00:05:00+00","2021-11-05 19:55:00","Hingham","Vessel C","Trip Endpoint","From Boston",94155,"Friday"
"14","2021/11/02","04:00:00+00","F1","F1-Hingham","M-F","Covid","F1-Boston-Hingham","13:30-F1-RWF-HNG","13:30-F1-RWF-HNG","Rowes Wharf","2021/11/02 17:30:00+00","2021-11-02 13:30:00",47,47,-47,"2021/11/02 18:10:00+00","2021-11-02 14:05:00","Hingham","Vessel D","Trip Endpoint","From Boston",94236,"Tuesday"
"15","2021/12/07","05:00:00+00","F1","F1-Hingham","M-F","Covid","F1-Boston-Hingham","13:30-F1-RWF-HNG","13:30-F1-RWF-HNG","Rowes Wharf","2021/12/07 18:30:00+00","2021-12-07 13:30:00",11,11,-11,"2021/12/07 19:10:00+00","2021-12-07 14:05:00","Hingham","Vessel D","Trip Endpoint","From Boston",94579,"Tuesday"
"16","2021/12/10","05:00:00+00","F1","F1-Hingham","M-F","Covid","F1-Boston-Hingham","13:30-F1-RWF-HNG","13:30-F1-RWF-HNG","Rowes Wharf","2021/12/10 18:30:00+00","2021-12-10 13:30:00",7,7,-7,"2021/12/10 19:10:00+00","2021-12-10 14:05:00","Hingham","Vessel D","Trip Endpoint","From Boston",94750,"Friday"
"17","2021/01/07","05:00:00+00","F2H","F2H-Hingham/Hull","M-F","Covid","F2H-Hull-Boston","09:05-F2H-HUL-LWN","09:05-F2H-HUL-LWN","Hull","2021/01/07 14:05:00+00","2021-01-07 09:05:00",4,4,-4,"2021/01/07 14:28:00+00","2021-01-07 09:31:00","Long Wharf N","Vessel B","Trip Endpoint","To Boston",95260,"Thursday"
"18","2021/01/05","05:00:00+00","F2H","F2H-Hingham/Hull","M-F","Covid","F2H-Hingham-Boston","18:55-F2H-HNG-LWN","18:55-F2H-HNG-LWN","Hingham","2021/01/05 23:55:00+00","2021-01-05 18:55:00",0,0,0,"2021/01/06 00:28:00+00","2021-01-05 19:32:00","Long Wharf N","Vessel B","Trip Endpoint","To Boston",95342,"Tuesday"
"19","2021/01/07","05:00:00+00","F2H","F2H-Hingham/Hull","M-F","Covid","F2H-Boston-Hull-Hingham","20:15-F2H-LWN-HNG","20:15-F2H-LWN-HUL","Long Wharf N","2021/01/08 01:15:00+00","2021-01-07 20:15:00",3,3,-1,"2021/01/08 01:40:00+00","2021-01-07 20:39:00","Hull","Vessel A","Midpoint","From Boston",95596,"Thursday"
"20","2021/02/03","05:00:00+00","F2H","F2H-Hingham/Hull","M-F","Covid","F2H-Hull-Boston","08:00-F2H-HUL-LWN","08:00-F2H-HUL-LWN","Hull","2021/02/03 13:00:00+00","2021-02-03 07:55:00",17,17,-17,"2021/02/03 13:25:00+00","2021-02-03 08:27:00","Long Wharf N","Vessel A","Trip Endpoint","To Boston",96022,"Wednesday"
"21","2021/02/05","05:00:00+00","F2H","F2H-Hingham/Hull","M-F","Covid","F2H-Hingham-Boston","12:00-F2H-HNG-LWN","12:00-F2H-HNG-LWN","Hingham","2021/02/05 17:00:00+00","2021-02-05 12:00:00",5,5,-5,"2021/02/05 17:35:00+00","2021-02-05 12:32:00","Long Wharf N","Vessel B","Trip Endpoint","To Boston",96108,"Friday"
"22","2021/02/04","05:00:00+00","F2H","F2H-Hingham/Hull","M-F","Covid","F2H-Hingham-Hull-Boston","16:00-F2H-HNG-LWN","16:20-F2H-HUL-LWN","Hull","2021/02/04 21:20:00+00","2021-02-04 16:20:00",2,4,-4,"2021/02/04 21:40:00+00","2021-02-04 16:44:00","Long Wharf N","Vessel B","Trip Endpoint","To Boston",96275,"Thursday"
"23","2021/02/02","05:00:00+00","F2H","F2H-Hingham/Hull","M-F","Covid","F2H-Hingham-Boston","19:00-F2H-HNG-LWN","19:00-F2H-HNG-LWN","Hingham","2021/02/03 00:00:00+00","2021-02-02 19:00:00",0,0,0,"2021/02/03 00:35:00+00","2021-02-02 19:35:00","Long Wharf N","Vessel A","Trip Endpoint","To Boston",96357,"Tuesday"
"24","2021/03/05","05:00:00+00","F2H","F2H-Hingham/Hull","M-F","Covid","F2H-Hingham-Hull-Boston","16:00-F2H-HNG-LWN","16:20-F2H-HUL-LWN","Hull","2021/03/05 21:20:00+00","2021-03-05 16:20:00",1,10,-10,"2021/03/05 21:40:00+00","2021-03-05 16:40:00","Long Wharf N","Vessel B","Trip Endpoint","To Boston",96871,"Friday"
"25","2021/04/06","04:00:00+00","F2H","F2H-Hingham/Hull","M-F","Covid","F2H-Hingham-Hull-Boston","16:00-F2H-HNG-LWN","16:00-F2H-HNG-HUL","Hingham","2021/04/06 20:00:00+00","2021-04-06 16:00:00",1,1,0,"2021/04/06 20:20:00+00","2021-04-06 16:15:00","Hull","Vessel B","Midpoint","To Boston",98051,"Wednesday"
"26","2021/04/06","04:00:00+00","F2H","F2H-Hingham/Hull","M-F","Covid","F2H-Boston-Hull-Hingham","18:00-F2H-LWN-HNG","18:25-F2H-HUL-HNG","Hull","2021/04/06 22:25:00+00","2021-04-06 18:30:00",0,18,-18,"2021/04/06 22:45:00+00","2021-04-06 18:44:00","Hingham","Vessel A","Trip Endpoint","From Boston",98303,"Wednesday"
"27","2021/05/04","04:00:00+00","F2H","F2H-Hingham/Hull","M-F","Covid","F2H-Boston-Hull-Hingham","17:00-F2H-LWN-HNG","17:25-F2H-HUL-HNG","Hull","2021/05/04 21:25:00+00","2021-05-04 17:30:00",1,1,-1,"2021/05/04 21:45:00+00","2021-05-04 17:45:00","Hingham","Vessel B","Trip Endpoint","From Boston",98814,"Wednesday"
"28","2021/05/07","04:00:00+00","F2H","F2H-Hingham/Hull","M-F","Covid","F2H-Hingham-Hull-Boston","05:40-F2H-HNG-LWN","06:00-F2H-HUL-LWN","Hull","2021/05/07 10:00:00+00","2021-05-07 06:00:00",14,20,-20,"2021/05/07 10:25:00+00","2021-05-07 06:26:00","Long Wharf N","Vessel A","Trip Endpoint","To Boston",98985,"Friday"
"29","2021/05/06","04:00:00+00","F2H","F2H-Hingham/Hull","M-F","Covid","F2H-Boston-Hull-Hingham","18:00-F2H-LWN-HNG","18:00-F2H-LWN-HUL","Long Wharf N","2021/05/06 22:00:00+00","2021-05-06 18:00:00",47,47,-19,"2021/05/06 22:25:00+00","2021-05-06 18:26:00","Hull","Vessel A","Midpoint","From Boston",99068,"Thursday"
"30","2021/06/12","04:00:00+00","F2H","F2H-Hingham/Hull","S-S","Covid","F2H-Hingham-Hull-Boston","11:00-F2H-HNG-LWN","11:00-F2H-HNG-HUL","Hingham","2021/06/12 15:00:00+00","2021-06-12 11:00:00",26,26,0,"2021/06/12 15:20:00+00","2021-06-12 11:18:00","Hull","Vessel B","Midpoint","To Boston",100085,"Saturday"
"31","2021/06/10","04:00:00+00","F2H","F2H-Hingham/Hull","M-F","Covid","F2H-Hingham-Boston","16:30-F2H-HNG-LWN","16:30-F2H-HNG-LWN","Hingham","2021/06/10 20:30:00+00","2021-06-10 16:30:00",33,36,-34,"2021/06/10 21:12:00+00","2021-06-10 17:09:00","Long Wharf N","Vessel B","Trip Endpoint","To Boston",100167,"Thursday"
"32","2021/06/08","04:00:00+00","F2H","F2H-Hingham/Hull","M-F","Covid","F2H-Hingham-Boston","10:00-F2H-HNG-LWN","10:00-F2H-HNG-LWN","Hingham","2021/06/08 14:00:00+00","2021-06-08 10:00:00",38,38,-38,"2021/06/08 15:00:00+00","2021-06-08 11:05:00","Long Wharf N","Vessel A","Trip Endpoint","To Boston",100333,"Tuesday"
"33","2021/07/08","04:00:00+00","F2H","F2H-Hingham/Hull","M-F","Seasonal","F2H-Boston-Georges-Hull-Hingham","13:00-F2H-LWN-HNG","13:00-F2H-LWN-GEO","Long Wharf N","2021/07/08 17:00:00+00","2021-07-08 13:01:00",34,34,0,"2021/07/08 17:25:00+00","2021-07-08 13:25:00","Georges","Vessel B","Midpoint","From Boston",101518,"Thursday"
"34","2021/07/10","04:00:00+00","F2H","F2H-Hingham/Hull","S-S","Seasonal","F2H-Hingham-Georges-Boston","13:00-F2H-HNG-LWN","13:00-F2H-HNG-GEO","Hingham","2021/07/10 17:00:00+00","2021-07-10 13:01:00",85,85,-16,"2021/07/10 17:20:00+00","2021-07-10 13:22:00","Georges","Vessel B","Midpoint","To Boston",101604,"Saturday"
"35","2021/08/04","04:00:00+00","F2H","F2H-Hingham/Hull","M-F","Covid","F2H-Hull-Boston","09:05-F2H-HUL-LWN","09:05-F2H-HUL-LWN","Hull","2021/08/04 13:05:00+00","2021-08-04 09:05:00",25,25,-25,"2021/08/04 13:40:00+00","2021-08-04 09:32:00","Long Wharf N","Vessel B","Trip Endpoint","To Boston",102616,"Wednesday"
"36","2021/08/02","04:00:00+00","F2H","F2H-Hingham/Hull","M-F","Seasonal","F2H-Boston-Georges-Hull-Hingham","13:00-F2H-LWN-HNG","13:35-F2H-HUL-HNG","Hull","2021/08/02 17:35:00+00","2021-08-02 13:37:00",3,21,-19,"2021/08/02 17:50:00+00","2021-08-02 13:52:00","Hingham","Vessel B","Trip Endpoint","From Boston",102782,"Monday"
"37","2021/09/08","04:00:00+00","F2H","F2H-Hingham/Hull","M-F","Covid","F2H-Hingham-Hull-Boston","05:40-F2H-HNG-LWN","06:00-F2H-HUL-LWN","Hull","2021/09/08 10:00:00+00","2021-09-08 06:00:00",29,35,-30,"2021/09/08 10:25:00+00","2021-09-08 06:25:00","Long Wharf N","Vessel A","Trip Endpoint","To Boston",104219,"Wednesday"
"38","2021/09/10","04:00:00+00","F2H","F2H-Hingham/Hull","M-F","Covid","F2H-Boston-Hingham","19:35-F2H-LWN-HNG","19:35-F2H-LWN-HNG","Long Wharf N","2021/09/10 23:35:00+00","2021-09-10 19:35:00",16,16,-16,"2021/09/11 00:15:00+00","2021-09-10 20:08:00","Hingham","Vessel A","Trip Endpoint","From Boston",104473,"Friday"
"39","2021/10/04","04:00:00+00","F2H","F2H-Hingham/Hull","M-F","Covid","F2H-Boston-Hull-Hingham","16:30-F2H-LWN-HNG","16:30-F2H-LWN-HUL","Long Wharf N","2021/10/04 20:30:00+00","2021-10-04 16:30:00",24,24,-23,"2021/10/04 20:55:00+00","2021-10-04 16:56:00","Hull","Vessel A","Midpoint","From Boston",105232,"Monday"
"40","2021/11/02","04:00:00+00","F2H","F2H-Hingham/Hull","M-F","Covid","F2H-Hingham-Boston","14:00-F2H-HNG-LWN","14:00-F2H-HNG-LWN","Hingham","2021/11/02 18:00:00+00","2021-11-02 14:00:00",4,4,-4,"2021/11/02 18:35:00+00","2021-11-02 14:35:00","Long Wharf N","Vessel B","Trip Endpoint","To Boston",106752,"Tuesday"
"41","2021/12/06","05:00:00+00","F2H","F2H-Hingham/Hull","M-F","Covid","F2H-Hingham-Hull-Boston","05:40-F2H-HNG-LWN","05:40-F2H-HNG-HUL","Hingham","2021/12/06 10:40:00+00","2021-12-06 05:40:00",4,4,0,"2021/12/06 11:00:00+00","2021-12-06 05:55:00","Hull","Vessel A","Midpoint","To Boston",107262,"Monday"
"42","2021/12/07","05:00:00+00","F2H","F2H-Hingham/Hull","M-F","Covid","F2H-Hingham-Boston","10:00-F2H-HNG-LWN","10:00-F2H-HNG-LWN","Hingham","2021/12/07 15:00:00+00","2021-12-07 10:01:00",16,16,-16,"2021/12/07 16:00:00+00","2021-12-07 10:36:00","Long Wharf N","Vessel A","Trip Endpoint","To Boston",107347,"Tuesday"
"43","2021/12/08","05:00:00+00","F2H","F2H-Hingham/Hull","M-F","Covid","F2H-Hingham-Boston","16:30-F2H-HNG-LWN","16:30-F2H-HNG-LWN","Hingham","2021/12/08 21:30:00+00","2021-12-08 16:30:00",1,1,-1,"2021/12/08 22:12:00+00","2021-12-08 17:08:00","Long Wharf N","Vessel B","Trip Endpoint","To Boston",107432,"Wednesday"
"44","2021/12/08","05:00:00+00","F2H","F2H-Hingham/Hull","M-F","Covid","F2H-Hull-Boston","08:40-F2H-HUL-LWN","08:40-F2H-HUL-LWN","Hull","2021/12/08 13:40:00+00","2021-12-08 08:40:00",7,7,-7,"2021/12/08 14:03:00+00","2021-12-08 09:06:00","Long Wharf N","Vessel A","Trip Endpoint","To Boston",107600,"Wednesday"
"45","2021/01/08","05:00:00+00","F4","F4-Charlestown","M-F","Covid","F4-Charlestown-Boston","09:00-F4-CNY-LWS","09:00-F4-CNY-LWS","Navy Yard","2021/01/08 14:00:00+00","2021-01-08 09:00:00",0,0,0,"2021/01/08 14:10:00+00","2021-01-08 09:10:00","Long Wharf S","Secondary","Trip Endpoint","To Boston",108449,"Friday"
"46","2021/01/06","05:00:00+00","F4","F4-Charlestown","M-F","Covid","F4-Charlestown-Boston","17:15-F4-CNY-LWS","17:15-F4-CNY-LWS","Navy Yard","2021/01/06 22:15:00+00","2021-01-06 17:15:00",0,0,0,"2021/01/06 22:25:00+00","2021-01-06 17:25:00","Long Wharf S","Primary","Trip Endpoint","To Boston",108531,"Wednesday"
"47","2021/01/07","05:00:00+00","F4","F4-Charlestown","M-F","Covid","F4-Boston-Charlestown","19:00-F4-LWS-CNY","19:00-F4-LWS-CNY","Long Wharf S","2021/01/08 00:00:00+00","2021-01-07 19:00:00",0,0,0,"2021/01/08 00:10:00+00","2021-01-07 19:10:00","Navy Yard","Primary","Trip Endpoint","From Boston",108616,"Thursday"
"48","2021/01/06","05:00:00+00","F4","F4-Charlestown","M-F","Covid","F4-Charlestown-Boston","09:45-F4-CNY-LWS","09:45-F4-CNY-LWS","Navy Yard","2021/01/06 14:45:00+00","2021-01-06 09:45:00",0,0,0,"2021/01/06 14:55:00+00","2021-01-06 09:55:00","Long Wharf S","Primary","Trip Endpoint","To Boston",108699,"Wednesday"
"49","2021/01/04","05:00:00+00","F4","F4-Charlestown","M-F","Covid","F4-Charlestown-Boston","07:30-F4-CNY-LWS","07:30-F4-CNY-LWS","Navy Yard","2021/01/04 12:30:00+00","2021-01-04 07:30:00",0,0,0,"2021/01/04 12:40:00+00","2021-01-04 07:40:00","Long Wharf S","Secondary","Trip Endpoint","To Boston",108781,"Monday"
"50","2021/06/09","04:00:00+00","F4","F4-Charlestown","M-F","Covid","F4-Charlestown-Boston","18:45-F4-CNY-LWS","18:45-F4-CNY-LWS","Navy Yard","2021/06/09 22:45:00+00","2021-06-09 18:45:00",7,7,-7,"2021/06/09 22:55:00+00","2021-06-09 18:55:00","Long Wharf S","Primary","Trip Endpoint","To Boston",110498,"Wednesday"
"51","2021/06/07","04:00:00+00","F4","F4-Charlestown","M-F","Covid","F4-Charlestown-Boston","12:45-F4-CNY-LWS","12:45-F4-CNY-LWS","Navy Yard","2021/06/07 16:45:00+00","2021-06-07 12:45:00",9,9,-9,"2021/06/07 16:55:00+00","2021-06-07 12:55:00","Long Wharf S","Primary","Trip Endpoint","To Boston",110580,"Monday"
"52","2021/06/10","04:00:00+00","F4","F4-Charlestown","M-F","Covid","F4-Charlestown-Boston","17:15-F4-CNY-LWS","17:15-F4-CNY-LWS","Navy Yard","2021/06/10 21:15:00+00","2021-06-10 17:15:00",14,14,-14,"2021/06/10 21:25:00+00","2021-06-10 17:25:00","Long Wharf S","Primary","Trip Endpoint","To Boston",110583,"Thursday"
"53","2021/06/08","04:00:00+00","F4","F4-Charlestown","M-F","Covid","F4-Boston-Charlestown","16:45-F4-LWS-CNY","16:45-F4-LWS-CNY","Long Wharf S","2021/06/08 20:45:00+00","2021-06-08 16:45:00",2,2,-2,"2021/06/08 20:55:00+00","2021-06-08 16:55:00","Navy Yard","Secondary","Trip Endpoint","From Boston",110665,"Tuesday"
"54","2021/06/09","04:00:00+00","F4","F4-Charlestown","M-F","Covid","F4-Boston-Charlestown","16:15-F4-LWS-CNY","16:15-F4-LWS-CNY","Long Wharf S","2021/06/09 20:15:00+00","2021-06-09 16:15:00",5,5,-5,"2021/06/09 20:25:00+00","2021-06-09 16:25:00","Navy Yard","Secondary","Trip Endpoint","From Boston",110666,"Wednesday"
"55","2021/06/10","04:00:00+00","F4","F4-Charlestown","M-F","Covid","F4-Charlestown-Boston","18:15-F4-CNY-LWS","18:15-F4-CNY-LWS","Navy Yard","2021/06/10 22:15:00+00","2021-06-10 18:15:00",5,5,-5,"2021/06/10 22:25:00+00","2021-06-10 18:25:00","Long Wharf S","Primary","Trip Endpoint","To Boston",110667,"Thursday"
"56","2021/06/08","04:00:00+00","F4","F4-Charlestown","M-F","Covid","F4-Charlestown-Boston","12:45-F4-CNY-LWS","12:45-F4-CNY-LWS","Navy Yard","2021/06/08 16:45:00+00","2021-06-08 12:45:00",19,19,-19,"2021/06/08 16:55:00+00","2021-06-08 12:55:00","Long Wharf S","Primary","Trip Endpoint","To Boston",110749,"Tuesday"
"57","2021/06/11","04:00:00+00","F4","F4-Charlestown","M-F","Covid","F4-Boston-Charlestown","16:30-F4-LWS-CNY","16:30-F4-LWS-CNY","Long Wharf S","2021/06/11 20:30:00+00","2021-06-11 16:30:00",7,7,-7,"2021/06/11 20:40:00+00","2021-06-11 16:40:00","Navy Yard","Primary","Trip Endpoint","From Boston",110836,"Friday"
"58","2021/06/13","04:00:00+00","F4","F4-Charlestown","S-S","Covid","F4-Charlestown-Boston","12:15-F4-CNY-LWS","12:15-F4-CNY-LWS","Navy Yard","2021/06/13 16:15:00+00","2021-06-13 12:15:00",21,21,-21,"2021/06/13 16:25:00+00","2021-06-13 12:25:00","Long Wharf S","Primary","Trip Endpoint","To Boston",111006,"Sunday"
"59","2021/07/05","04:00:00+00","F4","F4-Charlestown","M-F","Covid","F4-Charlestown-Boston","06:45-F4-CNY-LWS","06:45-F4-CNY-LWS","Navy Yard","2021/07/05 10:45:00+00","2021-07-05 06:45:00",1,1,-1,"2021/07/05 10:55:00+00","2021-07-05 06:55:00","Long Wharf S","Primary","Trip Endpoint","To Boston",112015,"Monday"
"60","2021/07/11","04:00:00+00","F4","F4-Charlestown","S-S","Covid","F4-Boston-Charlestown","10:30-F4-LWS-CNY","10:30-F4-LWS-CNY","Long Wharf S","2021/07/11 14:30:00+00","2021-07-11 10:30:00",15,15,-15,"2021/07/11 14:40:00+00","2021-07-11 10:40:00","Navy Yard","Primary","Trip Endpoint","From Boston",112441,"Sunday"
"61","2021/07/08","04:00:00+00","F4","F4-Charlestown","M-F","Covid","F4-Charlestown-Boston","17:15-F4-CNY-LWS","17:15-F4-CNY-LWS","Navy Yard","2021/07/08 21:15:00+00","2021-07-08 17:15:00",22,22,-22,"2021/07/08 21:25:00+00","2021-07-08 17:25:00","Long Wharf S","Primary","Trip Endpoint","To Boston",112522,"Thursday"
"62","2021/07/11","04:00:00+00","F4","F4-Charlestown","S-S","Covid","F4-Boston-Charlestown","18:00-F4-LWS-CNY","18:00-F4-LWS-CNY","Long Wharf S","2021/07/11 22:00:00+00","2021-07-11 18:00:00",27,27,-27,"2021/07/11 22:10:00+00","2021-07-11 18:10:00","Navy Yard","Primary","Trip Endpoint","From Boston",112609,"Sunday"
"63","2021/07/09","04:00:00+00","F4","F4-Charlestown","M-F","Covid","F4-Boston-Charlestown","15:30-F4-LWS-CNY","15:30-F4-LWS-CNY","Long Wharf S","2021/07/09 19:30:00+00","2021-07-09 15:30:00",5,5,-5,"2021/07/09 19:40:00+00","2021-07-09 15:40:00","Navy Yard","Primary","Trip Endpoint","From Boston",112691,"Friday"
"64","2021/07/06","04:00:00+00","F4","F4-Charlestown","M-F","Covid","F4-Boston-Charlestown","14:00-F4-LWS-CNY","14:00-F4-LWS-CNY","Long Wharf S","2021/07/06 18:00:00+00","2021-07-06 14:00:00",6,6,-6,"2021/07/06 18:10:00+00","2021-07-06 14:10:00","Navy Yard","Primary","Trip Endpoint","From Boston",112772,"Tuesday"
"65","2021/08/03","04:00:00+00","F4","F4-Charlestown","M-F","Covid","F4-Charlestown-Boston","18:15-F4-CNY-LWS","18:15-F4-CNY-LWS","Navy Yard","2021/08/03 22:15:00+00","2021-08-03 18:15:00",4,4,-4,"2021/08/03 22:25:00+00","2021-08-03 18:25:00","Long Wharf S","Primary","Trip Endpoint","To Boston",114291,"Tuesday"
"66","2021/08/04","04:00:00+00","F4","F4-Charlestown","M-F","Covid","F4-Boston-Charlestown","17:45-F4-LWS-CNY","17:45-F4-LWS-CNY","Long Wharf S","2021/08/04 21:45:00+00","2021-08-04 17:45:00",5,5,-5,"2021/08/04 21:55:00+00","2021-08-04 17:55:00","Navy Yard","Secondary","Trip Endpoint","From Boston",114376,"Wednesday"
"67","2021/08/06","04:00:00+00","F4","F4-Charlestown","M-F","Covid","F4-Charlestown-Boston","17:00-F4-CNY-LWS","17:00-F4-CNY-LWS","Navy Yard","2021/08/06 21:00:00+00","2021-08-06 17:00:00",8,8,-8,"2021/08/06 21:10:00+00","2021-08-06 17:10:00","Long Wharf S","Secondary","Trip Endpoint","To Boston",114714,"Friday"
"68","2021/08/05","04:00:00+00","F4","F4-Charlestown","M-F","Covid","F4-Charlestown-Boston","16:00-F4-CNY-LWS","16:00-F4-CNY-LWS","Navy Yard","2021/08/05 20:00:00+00","2021-08-05 16:00:00",13,13,-13,"2021/08/05 20:10:00+00","2021-08-05 16:10:00","Long Wharf S","Secondary","Trip Endpoint","To Boston",114797,"Thursday"
"69","2021/09/06","04:00:00+00","F4","F4-Charlestown","Holiday","Sat (Sched)","F4-Charlestown-Boston","18:15-F4-CNY-LWS","18:15-F4-CNY-LWS","Navy Yard","2021/09/06 22:15:00+00","2021-09-06 18:15:00",21,21,-21,"2021/09/06 22:25:00+00","2021-09-06 18:25:00","Long Wharf S","Primary","Trip Endpoint","To Boston",116481,"Monday"
"70","2021/09/07","04:00:00+00","F4","F4-Charlestown","M-F","Covid","F4-Boston-Charlestown","06:30-F4-LWS-CNY","06:30-F4-LWS-CNY","Long Wharf S","2021/09/07 10:30:00+00","2021-09-07 06:30:00",0,0,0,"2021/09/07 10:40:00+00","2021-09-07 06:40:00","Navy Yard","Primary","Trip Endpoint","From Boston",116482,"Tuesday"
"71","2021/09/09","04:00:00+00","F4","F4-Charlestown","M-F","Covid","F4-Boston-Charlestown","08:45-F4-LWS-CNY","08:45-F4-LWS-CNY","Long Wharf S","2021/09/09 12:45:00+00","2021-09-09 08:45:00",1,1,-1,"2021/09/09 12:55:00+00","2021-09-09 08:55:00","Navy Yard","Secondary","Trip Endpoint","From Boston",116568,"Thursday"
"72","2021/09/10","04:00:00+00","F4","F4-Charlestown","M-F","Covid","F4-Charlestown-Boston","08:30-F4-CNY-LWS","08:30-F4-CNY-LWS","Navy Yard","2021/09/10 12:30:00+00","2021-09-10 08:30:00",5,5,-5,"2021/09/10 12:40:00+00","2021-09-10 08:40:00","Long Wharf S","Secondary","Trip Endpoint","To Boston",116653,"Friday"
"73","2021/09/07","04:00:00+00","F4","F4-Charlestown","M-F","Covid","F4-Boston-Charlestown","18:30-F4-LWS-CNY","18:30-F4-LWS-CNY","Long Wharf S","2021/09/07 22:30:00+00","2021-09-07 18:30:00",1,1,-1,"2021/09/07 22:40:00+00","2021-09-07 18:40:00","Navy Yard","Primary","Trip Endpoint","From Boston",116734,"Tuesday"
"74","2021/09/12","04:00:00+00","F4","F4-Charlestown","S-S","Covid","F4-Boston-Charlestown","15:00-F4-LWS-CNY","15:00-F4-LWS-CNY","Long Wharf S","2021/09/12 19:00:00+00","2021-09-12 15:00:00",33,33,-33,"2021/09/12 19:10:00+00","2021-09-12 15:10:00","Navy Yard","Primary","Trip Endpoint","From Boston",117075,"Sunday"
"75","2021/10/04","04:00:00+00","F4","F4-Charlestown","M-F","Covid","F4-Boston-Charlestown","07:00-F4-LWS-CNY","07:00-F4-LWS-CNY","Long Wharf S","2021/10/04 11:00:00+00","2021-10-04 07:00:00",0,0,0,"2021/10/04 11:10:00+00","2021-10-04 07:10:00","Navy Yard","Primary","Trip Endpoint","From Boston",118084,"Monday"
"76","2021/10/04","04:00:00+00","F4","F4-Charlestown","M-F","Covid","F4-Boston-Charlestown","16:15-F4-LWS-CNY","16:15-F4-LWS-CNY","Long Wharf S","2021/10/04 20:15:00+00","2021-10-04 16:15:00",1,1,-1,"2021/10/04 20:25:00+00","2021-10-04 16:25:00","Navy Yard","Secondary","Trip Endpoint","From Boston",118168,"Monday"
"77","2021/10/06","04:00:00+00","F4","F4-Charlestown","M-F","Covid","F4-Charlestown-Boston","09:15-F4-CNY-LWS","09:15-F4-CNY-LWS","Navy Yard","2021/10/06 13:15:00+00","2021-10-06 09:15:00",4,4,-4,"2021/10/06 13:25:00+00","2021-10-06 09:25:00","Long Wharf S","Primary","Trip Endpoint","To Boston",118254,"Wednesday"
"78","2021/10/08","04:00:00+00","F4","F4-Charlestown","M-F","Covid","F4-Boston-Charlestown","07:30-F4-LWS-CNY","07:30-F4-LWS-CNY","Long Wharf S","2021/10/08 11:30:00+00","2021-10-08 07:30:00",0,0,0,"2021/10/08 11:40:00+00","2021-10-08 07:40:00","Navy Yard","Primary","Trip Endpoint","From Boston",118508,"Friday"
"79","2021/10/08","04:00:00+00","F4","F4-Charlestown","M-F","Covid","F4-Boston-Charlestown","07:15-F4-LWS-CNY","07:15-F4-LWS-CNY","Long Wharf S","2021/10/08 11:15:00+00","2021-10-08 07:15:00",1,1,-1,"2021/10/08 11:25:00+00","2021-10-08 07:25:00","Navy Yard","Secondary","Trip Endpoint","From Boston",118760,"Friday"
"80","2021/11/02","04:00:00+00","F4","F4-Charlestown","M-F","Covid","F4-Boston-Charlestown","07:00-F4-LWS-CNY","07:00-F4-LWS-CNY","Long Wharf S","2021/11/02 11:00:00+00","2021-11-02 07:00:00",0,0,0,"2021/11/02 11:10:00+00","2021-11-02 07:10:00","Navy Yard","Primary","Trip Endpoint","From Boston",119856,"Tuesday"
"81","2021/11/07","04:00:00+00","F4","F4-Charlestown","S-S","Covid","F4-Charlestown-Boston","11:15-F4-CNY-LWS","11:15-F4-CNY-LWS","Navy Yard","2021/11/07 16:15:00+00","2021-11-07 11:15:00",11,11,-11,"2021/11/07 16:25:00+00","2021-11-07 11:25:00","Long Wharf S","Primary","Trip Endpoint","To Boston",120029,"Sunday"
"82","2021/11/05","04:00:00+00","F4","F4-Charlestown","M-F","Covid","F4-Charlestown-Boston","07:30-F4-CNY-LWS","07:30-F4-CNY-LWS","Navy Yard","2021/11/05 11:30:00+00","2021-11-05 07:30:00",6,6,-6,"2021/11/05 11:40:00+00","2021-11-05 07:40:00","Long Wharf S","Secondary","Trip Endpoint","To Boston",120195,"Friday"
"83","2021/11/03","04:00:00+00","F4","F4-Charlestown","M-F","Covid","F4-Boston-Charlestown","07:00-F4-LWS-CNY","07:00-F4-LWS-CNY","Long Wharf S","2021/11/03 11:00:00+00","2021-11-03 07:00:00",0,0,0,"2021/11/03 11:10:00+00","2021-11-03 07:10:00","Navy Yard","Primary","Trip Endpoint","From Boston",120277,"Wednesday"
"84","2021/11/02","04:00:00+00","F4","F4-Charlestown","M-F","Covid","F4-Charlestown-Boston","16:30-F4-CNY-LWS","16:30-F4-CNY-LWS","Navy Yard","2021/11/02 20:30:00+00","2021-11-02 16:30:00",4,4,-4,"2021/11/02 20:40:00+00","2021-11-02 16:40:00","Long Wharf S","Secondary","Trip Endpoint","To Boston",120360,"Tuesday"
"85","2021/12/09","05:00:00+00","F4","F4-Charlestown","M-F","Covid","F4-Charlestown-Boston","07:15-F4-CNY-LWS","07:15-F4-CNY-LWS","Navy Yard","2021/12/09 12:15:00+00","2021-12-09 07:15:00",1,1,-1,"2021/12/09 12:25:00+00","2021-12-09 07:25:00","Long Wharf S","Primary","Trip Endpoint","To Boston",122049,"Thursday"
"86","2021/12/06","05:00:00+00","F4","F4-Charlestown","M-F","Covid","F4-Charlestown-Boston","13:45-F4-CNY-LWS","13:45-F4-CNY-LWS","Navy Yard","2021/12/06 18:45:00+00","2021-12-06 13:45:00",3,3,-3,"2021/12/06 18:55:00+00","2021-12-06 13:55:00","Long Wharf S","Primary","Trip Endpoint","To Boston",122298,"Monday"
"87","2021/12/08","05:00:00+00","F4","F4-Charlestown","M-F","Covid","F4-Boston-Charlestown","10:30-F4-LWS-CNY","10:30-F4-LWS-CNY","Long Wharf S","2021/12/08 15:30:00+00","2021-12-08 10:30:00",0,0,0,"2021/12/08 15:40:00+00","2021-12-08 10:40:00","Navy Yard","Primary","Trip Endpoint","From Boston",122384,"Wednesday"
"88","2021/12/11","05:00:00+00","F4","F4-Charlestown","S-S","Covid","F4-Boston-Charlestown","14:00-F4-LWS-CNY","14:00-F4-LWS-CNY","Long Wharf S","2021/12/11 19:00:00+00","2021-12-11 14:00:00",1,1,-1,"2021/12/11 19:10:00+00","2021-12-11 14:10:00","Navy Yard","Primary","Trip Endpoint","From Boston",122723,"Saturday"
